Pclass,Family Size,Fare Per Person,Sex_female,Sex_male,Embarked_C,Embarked_Q,Embarked_S,Age Group,PassengerId,Survived
0.0,1.0,-0.2847715736040609,0.0,1.0,0.0,0.0,1.0,0.0,1,0
-2.0,1.0,1.6654812182741114,1.0,0.0,1.0,0.0,0.0,0.0,2,1
0.0,0.0,-0.02284263959390868,1.0,0.0,0.0,0.0,1.0,0.0,3,1
-2.0,1.0,1.1116751269035532,1.0,0.0,0.0,0.0,1.0,0.0,4,1
0.0,0.0,-0.015228426395939085,0.0,1.0,0.0,0.0,1.0,0.0,5,0
0.0,0.0,0.009642639593908554,0.0,1.0,0.0,1.0,0.0,4.0,6,0
-2.0,0.0,2.6535532994923856,0.0,1.0,0.0,0.0,1.0,2.0,7,0
0.0,4.0,-0.24883248730964472,0.0,1.0,0.0,0.0,1.0,1.0,8,0
0.0,2.0,-0.2795269035532995,1.0,0.0,0.0,0.0,1.0,0.0,9,1
-1.0,1.0,0.41027817258883237,1.0,0.0,1.0,0.0,0.0,3.0,10,1
0.0,2.0,-0.16649746192893405,1.0,0.0,0.0,0.0,1.0,1.0,11,1
-2.0,0.0,1.1116751269035532,1.0,0.0,0.0,0.0,1.0,2.0,12,1
0.0,0.0,-0.015228426395939085,0.0,1.0,0.0,0.0,1.0,0.0,13,0
0.0,6.0,-0.23343002175489488,0.0,1.0,0.0,0.0,1.0,0.0,14,0
0.0,0.0,-0.02715532994923864,1.0,0.0,0.0,0.0,1.0,3.0,15,0
-1.0,0.0,0.4690355329949238,1.0,0.0,0.0,0.0,1.0,2.0,16,1
0.0,5.0,-0.2098984771573604,0.0,1.0,0.0,1.0,0.0,1.0,17,0
-1.0,0.0,0.28629441624365476,0.0,1.0,0.0,0.0,1.0,4.0,18,1
0.0,1.0,0.0426395939086294,1.0,0.0,0.0,0.0,1.0,0.0,19,0
0.0,0.0,-0.06548223350253814,1.0,0.0,1.0,0.0,0.0,4.0,20,1
-1.0,0.0,1.0781725888324871,0.0,1.0,0.0,0.0,1.0,0.0,21,0
-1.0,0.0,0.28629441624365476,0.0,1.0,0.0,0.0,1.0,0.0,22,1
0.0,0.0,-0.016495431472081296,1.0,0.0,0.0,1.0,0.0,3.0,23,1
-2.0,0.0,1.6568527918781724,0.0,1.0,0.0,0.0,1.0,0.0,24,1
0.0,4.0,-0.24883248730964472,1.0,0.0,0.0,0.0,1.0,1.0,25,0
0.0,6.0,-0.2324510514865845,1.0,0.0,0.0,0.0,1.0,0.0,26,1
0.0,0.0,-0.06548223350253814,0.0,1.0,1.0,0.0,0.0,4.0,27,0
-2.0,5.0,2.164467005076142,0.0,1.0,0.0,0.0,1.0,0.0,28,0
0.0,0.0,-0.02563248730964471,1.0,0.0,0.0,1.0,0.0,4.0,29,1
0.0,0.0,-0.024621319796954335,0.0,1.0,0.0,0.0,1.0,4.0,30,0
-2.0,0.0,1.1829928934010152,0.0,1.0,1.0,0.0,0.0,0.0,31,0
-2.0,1.0,3.9569786802030458,1.0,0.0,1.0,0.0,0.0,4.0,32,1
0.0,0.0,-0.03350253807106603,1.0,0.0,0.0,1.0,0.0,4.0,33,1
-1.0,0.0,0.1340101522842639,0.0,1.0,0.0,0.0,1.0,2.0,34,0
-2.0,1.0,1.997080203045685,0.0,1.0,1.0,0.0,0.0,0.0,35,0
-2.0,1.0,1.0781725888324871,0.0,1.0,0.0,0.0,1.0,0.0,36,0
0.0,0.0,-0.06522639593908636,0.0,1.0,1.0,0.0,0.0,4.0,37,1
0.0,0.0,-0.015228426395939085,0.0,1.0,0.0,0.0,1.0,0.0,38,0
0.0,2.0,-0.14010152284263963,1.0,0.0,0.0,0.0,1.0,3.0,39,0
0.0,1.0,-0.16319695431472084,1.0,0.0,1.0,0.0,0.0,3.0,40,1
0.0,1.0,-0.21700507614213202,1.0,0.0,0.0,0.0,1.0,0.0,41,0
-1.0,1.0,0.1340101522842639,1.0,0.0,0.0,0.0,1.0,0.0,42,0
0.0,0.0,-0.024621319796954335,0.0,1.0,1.0,0.0,0.0,4.0,43,0
-1.0,3.0,0.12760203045685276,1.0,0.0,1.0,0.0,0.0,1.0,44,1
0.0,0.0,-0.02563248730964471,1.0,0.0,0.0,1.0,0.0,0.0,45,1
0.0,0.0,-0.015228426395939085,0.0,1.0,0.0,0.0,1.0,4.0,46,0
0.0,1.0,-0.03350253807106603,0.0,1.0,0.0,1.0,0.0,4.0,47,0
0.0,0.0,-0.03350253807106603,1.0,0.0,0.0,1.0,0.0,4.0,48,1
0.0,2.0,-0.0653969543147208,0.0,1.0,1.0,0.0,0.0,4.0,49,0
0.0,1.0,0.03654822335025378,1.0,0.0,0.0,0.0,1.0,3.0,50,0
0.0,5.0,-0.10266497461928939,0.0,1.0,0.0,0.0,1.0,1.0,51,0
0.0,0.0,-0.030456852791878226,0.0,1.0,0.0,0.0,1.0,0.0,52,0
-2.0,1.0,1.831346192893401,1.0,0.0,1.0,0.0,0.0,0.0,53,1
-1.0,1.0,0.28629441624365476,1.0,0.0,0.0,0.0,1.0,0.0,54,1
-2.0,1.0,1.3821076142131978,0.0,1.0,1.0,0.0,0.0,2.0,55,0
-2.0,0.0,1.6568527918781724,0.0,1.0,0.0,0.0,1.0,4.0,56,1
-1.0,0.0,0.1340101522842639,1.0,0.0,0.0,0.0,1.0,0.0,57,1
0.0,0.0,-0.06522639593908636,0.0,1.0,1.0,0.0,0.0,0.0,58,0
-1.0,3.0,-0.08299492385786805,1.0,0.0,0.0,0.0,1.0,1.0,59,1
0.0,7.0,-0.14847715736040615,0.0,1.0,0.0,0.0,1.0,1.0,60,0
0.0,0.0,-0.06522639593908636,0.0,1.0,1.0,0.0,0.0,0.0,61,0
-2.0,0.0,4.36751269035533,1.0,0.0,0.0,0.0,1.0,0.0,62,1
-2.0,1.0,2.036802030456853,0.0,1.0,0.0,0.0,1.0,0.0,63,0
0.0,5.0,-0.22233502538071073,0.0,1.0,0.0,0.0,1.0,1.0,64,0
-2.0,0.0,1.1829928934010152,0.0,1.0,1.0,0.0,0.0,4.0,65,0
0.0,2.0,-0.19602436548223356,0.0,1.0,1.0,0.0,0.0,4.0,66,1
-1.0,0.0,0.1340101522842639,1.0,0.0,0.0,0.0,1.0,0.0,67,1
0.0,0.0,-0.008631472081218283,0.0,1.0,0.0,0.0,1.0,0.0,68,0
0.0,6.0,-0.43662073966642495,1.0,0.0,0.0,0.0,1.0,3.0,69,1
0.0,2.0,-0.3296954314720813,0.0,1.0,0.0,0.0,1.0,0.0,70,0
-1.0,0.0,0.1340101522842639,0.0,1.0,0.0,0.0,1.0,0.0,71,0
0.0,7.0,-0.14847715736040615,1.0,0.0,0.0,0.0,1.0,3.0,72,0
-1.0,0.0,3.9715736040609135,0.0,1.0,0.0,0.0,1.0,0.0,73,0
0.0,1.0,-0.06535431472081221,0.0,1.0,1.0,0.0,0.0,0.0,74,0
0.0,0.0,2.935784771573604,0.0,1.0,0.0,0.0,1.0,0.0,75,1
0.0,0.0,-0.03959390862944164,0.0,1.0,0.0,0.0,1.0,0.0,76,0
0.0,0.0,-0.024621319796954335,0.0,1.0,0.0,0.0,1.0,4.0,77,0
0.0,0.0,-0.015228426395939085,0.0,1.0,0.0,0.0,1.0,4.0,78,0
-1.0,2.0,0.08324873096446692,0.0,1.0,0.0,0.0,1.0,1.0,79,1
0.0,0.0,0.25431472081218265,1.0,0.0,0.0,0.0,1.0,0.0,80,1
0.0,0.0,0.0426395939086294,0.0,1.0,0.0,0.0,1.0,0.0,81,0
0.0,0.0,0.07309644670050756,0.0,1.0,0.0,0.0,1.0,0.0,82,1
0.0,0.0,-0.03121827411167519,1.0,0.0,0.0,1.0,0.0,4.0,83,1
-2.0,0.0,2.363451776649746,0.0,1.0,0.0,0.0,1.0,0.0,84,0
-1.0,0.0,0.1340101522842639,1.0,0.0,0.0,0.0,1.0,3.0,85,1
0.0,3.0,-0.2642131979695431,1.0,0.0,0.0,0.0,1.0,0.0,86,1
0.0,4.0,-0.08680203045685284,0.0,1.0,0.0,0.0,1.0,3.0,87,0
0.0,0.0,-0.015228426395939085,0.0,1.0,0.0,0.0,1.0,4.0,88,0
-2.0,5.0,2.164467005076142,1.0,0.0,0.0,0.0,1.0,0.0,89,1
0.0,0.0,-0.015228426395939085,0.0,1.0,0.0,0.0,1.0,0.0,90,0
0.0,0.0,-0.015228426395939085,0.0,1.0,0.0,0.0,1.0,0.0,91,0
0.0,0.0,-0.02715532994923864,0.0,1.0,0.0,0.0,1.0,0.0,92,0
-2.0,1.0,1.3576142131979694,0.0,1.0,0.0,0.0,1.0,0.0,93,0
0.0,3.0,-0.192258883248731,0.0,1.0,0.0,0.0,1.0,0.0,94,0
0.0,0.0,-0.06395939086294421,0.0,1.0,0.0,0.0,1.0,2.0,95,0
0.0,0.0,-0.015228426395939085,0.0,1.0,0.0,0.0,1.0,4.0,96,0
-2.0,0.0,1.6053319796954315,0.0,1.0,1.0,0.0,0.0,2.0,97,0
-2.0,1.0,1.424110659898477,0.0,1.0,1.0,0.0,0.0,0.0,98,1
-1.0,1.0,0.19492385786802024,1.0,0.0,0.0,0.0,1.0,0.0,99,1
-1.0,1.0,0.28629441624365476,0.0,1.0,0.0,0.0,1.0,0.0,100,0
0.0,0.0,-0.024621319796954335,1.0,0.0,0.0,0.0,1.0,0.0,101,0
0.0,0.0,-0.024621319796954335,0.0,1.0,0.0,0.0,1.0,4.0,102,0
-2.0,1.0,1.8483502538071062,0.0,1.0,0.0,0.0,1.0,0.0,103,0
0.0,0.0,0.02157563451776642,0.0,1.0,0.0,0.0,1.0,0.0,104,0
0.0,2.0,-0.3446700507614213,0.0,1.0,0.0,0.0,1.0,0.0,105,0
0.0,0.0,-0.024621319796954335,0.0,1.0,0.0,0.0,1.0,0.0,106,0
0.0,0.0,-0.03959390862944164,1.0,0.0,0.0,0.0,1.0,0.0,107,1
0.0,0.0,-0.031979695431472104,0.0,1.0,0.0,0.0,1.0,4.0,108,1
0.0,0.0,-0.024621319796954335,0.0,1.0,0.0,0.0,1.0,0.0,109,0
0.0,1.0,0.2299492385786801,1.0,0.0,0.0,1.0,0.0,4.0,110,1
-2.0,0.0,2.6619289340101524,0.0,1.0,0.0,0.0,1.0,0.0,111,0
0.0,1.0,-0.06535431472081221,1.0,0.0,1.0,0.0,0.0,3.0,112,0
0.0,0.0,-0.015228426395939085,0.0,1.0,0.0,0.0,1.0,0.0,113,0
0.0,1.0,-0.20634517766497468,1.0,0.0,0.0,0.0,1.0,0.0,114,0
0.0,0.0,0.3751248730964466,1.0,0.0,1.0,0.0,0.0,3.0,115,0
0.0,0.0,-0.02284263959390868,0.0,1.0,0.0,0.0,1.0,0.0,116,0
0.0,0.0,-0.03350253807106603,0.0,1.0,0.0,1.0,0.0,2.0,117,0
-1.0,1.0,0.1340101522842639,0.0,1.0,0.0,0.0,1.0,0.0,118,0
-2.0,1.0,7.033120812182741,0.0,1.0,1.0,0.0,0.0,0.0,119,0
0.0,6.0,-0.23343002175489488,1.0,0.0,0.0,0.0,1.0,1.0,120,0
-1.0,2.0,0.9868020304568527,0.0,1.0,0.0,0.0,1.0,0.0,121,0
0.0,0.0,-0.015228426395939085,0.0,1.0,0.0,0.0,1.0,4.0,122,0
-1.0,1.0,0.41027817258883237,0.0,1.0,1.0,0.0,0.0,0.0,123,0
-1.0,0.0,0.28629441624365476,1.0,0.0,0.0,0.0,1.0,0.0,124,1
-2.0,1.0,1.8483502538071062,0.0,1.0,0.0,0.0,1.0,2.0,125,0
0.0,1.0,-0.16319695431472084,0.0,1.0,1.0,0.0,0.0,3.0,126,1
0.0,0.0,-0.03350253807106603,0.0,1.0,0.0,1.0,0.0,4.0,127,0
0.0,0.0,-0.070556345177665,0.0,1.0,0.0,0.0,1.0,0.0,128,1
0.0,2.0,-0.05160812182741123,1.0,0.0,1.0,0.0,0.0,4.0,129,1
0.0,0.0,-0.08071065989847721,0.0,1.0,0.0,0.0,1.0,0.0,130,0
0.0,0.0,-0.024621319796954335,0.0,1.0,1.0,0.0,0.0,0.0,131,0
0.0,0.0,-0.07614213197969548,0.0,1.0,0.0,0.0,1.0,0.0,132,0
0.0,1.0,-0.06395939086294421,1.0,0.0,0.0,0.0,1.0,0.0,133,0
-1.0,1.0,0.28629441624365476,1.0,0.0,0.0,0.0,1.0,0.0,134,1
-1.0,0.0,0.28629441624365476,0.0,1.0,0.0,0.0,1.0,0.0,135,0
-1.0,0.0,0.41091167512690346,0.0,1.0,1.0,0.0,0.0,0.0,136,0
-2.0,2.0,0.02808730964467005,1.0,0.0,0.0,0.0,1.0,0.0,137,1
-2.0,1.0,1.1116751269035532,0.0,1.0,0.0,0.0,1.0,0.0,138,0
0.0,0.0,0.05583959390862936,0.0,1.0,0.0,0.0,1.0,3.0,139,0
-2.0,0.0,4.318781725888325,0.0,1.0,1.0,0.0,0.0,0.0,140,0
0.0,2.0,-0.19602436548223356,1.0,0.0,1.0,0.0,0.0,4.0,141,0
0.0,0.0,-0.03350253807106603,1.0,0.0,0.0,0.0,1.0,0.0,142,1
0.0,1.0,-0.02284263959390868,1.0,0.0,0.0,0.0,1.0,0.0,143,1
0.0,0.0,-0.09441624365482237,0.0,1.0,0.0,1.0,0.0,0.0,144,0
-1.0,0.0,0.19492385786802024,0.0,1.0,0.0,0.0,1.0,3.0,145,0
-1.0,2.0,0.2406091370558375,0.0,1.0,0.0,0.0,1.0,0.0,146,0
0.0,0.0,-0.03071269035533,0.0,1.0,0.0,0.0,1.0,0.0,147,1
0.0,4.0,-0.08680203045685284,1.0,0.0,0.0,0.0,1.0,1.0,148,0
-1.0,2.0,0.02233502538071058,0.0,1.0,0.0,0.0,1.0,0.0,149,0
-1.0,0.0,0.28629441624365476,0.0,1.0,0.0,0.0,1.0,0.0,150,0
-1.0,0.0,0.2573604060913705,0.0,1.0,0.0,0.0,1.0,2.0,151,0
-2.0,1.0,1.5228426395939083,1.0,0.0,0.0,0.0,1.0,0.0,152,1
0.0,0.0,-0.015228426395939085,0.0,1.0,0.0,0.0,1.0,2.0,153,0
0.0,2.0,-0.21116751269035539,0.0,1.0,0.0,0.0,1.0,0.0,154,0
0.0,0.0,-0.06015228426395943,0.0,1.0,0.0,0.0,1.0,4.0,155,0
-2.0,1.0,1.3638335025380708,0.0,1.0,1.0,0.0,0.0,2.0,156,0
0.0,0.0,-0.03451979695431477,1.0,0.0,0.0,1.0,0.0,3.0,157,1
0.0,0.0,-0.015228426395939085,0.0,1.0,0.0,0.0,1.0,0.0,158,0
0.0,0.0,0.022081218274111608,0.0,1.0,0.0,0.0,1.0,4.0,159,0
0.0,10.0,-0.12044300876788193,0.0,1.0,0.0,0.0,1.0,4.0,160,0
0.0,1.0,-0.015228426395939085,0.0,1.0,0.0,0.0,1.0,0.0,161,0
-1.0,0.0,0.4538071065989847,1.0,0.0,0.0,0.0,1.0,0.0,162,1
0.0,0.0,-0.031979695431472104,0.0,1.0,0.0,0.0,1.0,0.0,163,0
0.0,0.0,0.022081218274111608,0.0,1.0,0.0,0.0,1.0,3.0,164,0
0.0,5.0,-0.10266497461928939,0.0,1.0,0.0,0.0,1.0,1.0,165,0
0.0,2.0,-0.08883248730964476,0.0,1.0,0.0,0.0,1.0,1.0,166,1
-2.0,1.0,1.1695431472081217,1.0,0.0,0.0,0.0,1.0,4.0,167,1
0.0,5.0,-0.22233502538071073,1.0,0.0,0.0,0.0,1.0,0.0,168,0
-2.0,0.0,1.0736040609137054,0.0,1.0,0.0,0.0,1.0,4.0,169,0
0.0,0.0,2.935784771573604,0.0,1.0,0.0,0.0,1.0,0.0,170,0
-2.0,0.0,1.5350253807106597,0.0,1.0,0.0,0.0,1.0,2.0,171,0
0.0,5.0,-0.2098984771573604,0.0,1.0,0.0,1.0,0.0,1.0,172,0
0.0,2.0,-0.2795269035532995,1.0,0.0,0.0,0.0,1.0,1.0,173,1
0.0,0.0,-0.02284263959390868,0.0,1.0,0.0,0.0,1.0,0.0,174,0
-2.0,0.0,1.3642111675126902,0.0,1.0,1.0,0.0,0.0,2.0,175,0
0.0,2.0,-0.346107614213198,0.0,1.0,0.0,0.0,1.0,3.0,176,0
0.0,4.0,-0.19532954314720818,0.0,1.0,0.0,0.0,1.0,4.0,177,0
-2.0,0.0,1.2434010152284263,1.0,0.0,1.0,0.0,0.0,2.0,178,0
-1.0,0.0,0.28629441624365476,0.0,1.0,0.0,0.0,1.0,0.0,179,0
0.0,0.0,-0.5055837563451777,0.0,1.0,0.0,0.0,1.0,0.0,180,0
0.0,10.0,-0.12044300876788193,1.0,0.0,0.0,0.0,1.0,4.0,181,0
-1.0,0.0,0.4111675126903553,0.0,1.0,1.0,0.0,0.0,4.0,182,0
0.0,6.0,-0.2324510514865845,0.0,1.0,0.0,0.0,1.0,1.0,183,0
-1.0,3.0,0.08832487309644665,0.0,1.0,0.0,0.0,1.0,1.0,184,1
0.0,2.0,-0.05837563451776658,1.0,0.0,0.0,0.0,1.0,1.0,185,1
-2.0,0.0,2.54010152284264,0.0,1.0,0.0,0.0,1.0,4.0,186,0
0.0,1.0,-0.03350253807106603,1.0,0.0,0.0,1.0,0.0,4.0,187,1
-2.0,0.0,1.1116751269035532,0.0,1.0,0.0,0.0,1.0,0.0,188,1
0.0,2.0,-0.19086294416243657,0.0,1.0,0.0,1.0,0.0,0.0,189,0
0.0,0.0,-0.024621319796954335,0.0,1.0,0.0,0.0,1.0,0.0,190,0
-1.0,0.0,0.28629441624365476,1.0,0.0,0.0,0.0,1.0,0.0,191,1
-1.0,0.0,0.28629441624365476,0.0,1.0,0.0,0.0,1.0,0.0,192,0
0.0,1.0,-0.2663695431472082,1.0,0.0,0.0,0.0,1.0,0.0,193,1
-1.0,2.0,0.02233502538071058,0.0,1.0,0.0,0.0,1.0,1.0,194,1
-2.0,0.0,1.1829928934010152,1.0,0.0,1.0,0.0,0.0,0.0,195,1
-2.0,0.0,8.419541116751269,1.0,0.0,1.0,0.0,0.0,2.0,196,1
0.0,0.0,-0.03350253807106603,0.0,1.0,0.0,1.0,0.0,4.0,197,0
0.0,1.0,-0.24961827411167517,0.0,1.0,0.0,0.0,1.0,0.0,198,0
0.0,0.0,-0.03350253807106603,1.0,0.0,0.0,1.0,0.0,4.0,199,1
-1.0,0.0,0.28629441624365476,1.0,0.0,0.0,0.0,1.0,0.0,200,0
0.0,0.0,0.07309644670050756,0.0,1.0,0.0,0.0,1.0,0.0,201,0
0.0,10.0,-0.12044300876788193,0.0,1.0,0.0,0.0,1.0,4.0,202,0
0.0,0.0,-0.10990050761421323,0.0,1.0,0.0,0.0,1.0,0.0,203,0
0.0,0.0,-0.06548223350253814,0.0,1.0,1.0,0.0,0.0,0.0,204,0
0.0,0.0,-0.015228426395939085,0.0,1.0,0.0,0.0,1.0,3.0,205,1
0.0,1.0,-0.18692893401015231,1.0,0.0,0.0,0.0,1.0,1.0,206,0
0.0,1.0,-0.02284263959390868,0.0,1.0,0.0,0.0,1.0,0.0,207,0
0.0,0.0,0.6388324873096447,0.0,1.0,1.0,0.0,0.0,0.0,208,1
0.0,0.0,-0.03350253807106603,1.0,0.0,0.0,1.0,0.0,3.0,209,1
-2.0,0.0,1.3827411167512689,0.0,1.0,1.0,0.0,0.0,0.0,210,1
0.0,0.0,-0.07614213197969548,0.0,1.0,0.0,0.0,1.0,0.0,211,0
-1.0,0.0,0.7736040609137055,1.0,0.0,0.0,0.0,1.0,0.0,212,1
0.0,0.0,-0.06395939086294421,0.0,1.0,0.0,0.0,1.0,0.0,213,0
-1.0,0.0,0.28629441624365476,0.0,1.0,0.0,0.0,1.0,0.0,214,0
0.0,1.0,-0.26954314720812184,0.0,1.0,0.0,1.0,0.0,4.0,215,0
-2.0,1.0,2.9444162436548225,1.0,0.0,1.0,0.0,0.0,0.0,216,1
0.0,0.0,-0.02284263959390868,1.0,0.0,0.0,0.0,1.0,0.0,217,1
-1.0,1.0,0.3167512690355329,0.0,1.0,0.0,0.0,1.0,0.0,218,0
-2.0,0.0,4.141626395939086,1.0,0.0,1.0,0.0,0.0,0.0,219,1
-1.0,0.0,0.1340101522842639,0.0,1.0,0.0,0.0,1.0,0.0,220,0
0.0,0.0,-0.015228426395939085,0.0,1.0,0.0,0.0,1.0,3.0,221,1
-1.0,0.0,0.28629441624365476,0.0,1.0,0.0,0.0,1.0,0.0,222,0
0.0,0.0,-0.015228426395939085,0.0,1.0,0.0,0.0,1.0,2.0,223,0
0.0,0.0,-0.024621319796954335,0.0,1.0,0.0,0.0,1.0,4.0,224,0
-2.0,1.0,2.235532994923858,0.0,1.0,0.0,0.0,1.0,0.0,225,1
0.0,0.0,0.0639593908629441,0.0,1.0,0.0,0.0,1.0,0.0,226,0
-1.0,0.0,0.1340101522842639,0.0,1.0,0.0,0.0,1.0,0.0,227,1
0.0,0.0,-0.06395939086294421,0.0,1.0,0.0,0.0,1.0,0.0,228,0
-1.0,0.0,0.28629441624365476,0.0,1.0,0.0,0.0,1.0,3.0,229,0
0.0,4.0,-0.19532954314720818,1.0,0.0,0.0,0.0,1.0,4.0,230,0
-2.0,1.0,2.036802030456853,1.0,0.0,0.0,0.0,1.0,0.0,231,1
0.0,0.0,-0.031979695431472104,0.0,1.0,0.0,0.0,1.0,0.0,232,0
-1.0,0.0,0.3167512690355329,0.0,1.0,0.0,0.0,1.0,2.0,233,0
0.0,6.0,-0.2324510514865845,1.0,0.0,0.0,0.0,1.0,1.0,234,1
-1.0,0.0,0.1340101522842639,0.0,1.0,0.0,0.0,1.0,0.0,235,0
0.0,0.0,-0.04568527918781731,1.0,0.0,0.0,0.0,1.0,4.0,236,0
-1.0,1.0,0.28629441624365476,0.0,1.0,0.0,0.0,1.0,0.0,237,0
-1.0,2.0,0.02741116751269031,1.0,0.0,0.0,0.0,1.0,1.0,238,1
-1.0,0.0,0.1340101522842639,0.0,1.0,0.0,0.0,1.0,0.0,239,0
-1.0,0.0,0.24213197969543143,0.0,1.0,0.0,0.0,1.0,0.0,240,0
0.0,1.0,-0.06535431472081221,1.0,0.0,1.0,0.0,0.0,4.0,241,0
0.0,1.0,-0.03350253807106603,1.0,0.0,0.0,1.0,0.0,4.0,242,1
-1.0,0.0,0.1340101522842639,0.0,1.0,0.0,0.0,1.0,0.0,243,0
0.0,0.0,-0.07157360406091375,0.0,1.0,0.0,0.0,1.0,0.0,244,0
0.0,0.0,-0.06548223350253814,0.0,1.0,1.0,0.0,0.0,0.0,245,0
-2.0,2.0,1.3218274111675126,0.0,1.0,0.0,1.0,0.0,0.0,246,0
0.0,0.0,-0.031979695431472104,1.0,0.0,0.0,0.0,1.0,0.0,247,0
-1.0,2.0,-0.21116751269035539,1.0,0.0,0.0,0.0,1.0,0.0,248,1
-2.0,2.0,0.5615065989847714,0.0,1.0,0.0,0.0,1.0,0.0,249,1
-1.0,1.0,0.28629441624365476,0.0,1.0,0.0,0.0,1.0,2.0,250,0
0.0,0.0,-0.06395939086294421,0.0,1.0,0.0,0.0,1.0,4.0,251,0
0.0,2.0,-0.2931472081218274,1.0,0.0,0.0,0.0,1.0,0.0,252,0
-2.0,0.0,1.1116751269035532,0.0,1.0,0.0,0.0,1.0,2.0,253,0
0.0,1.0,-0.015228426395939085,0.0,1.0,0.0,0.0,1.0,0.0,254,0
0.0,2.0,-0.09517766497461934,1.0,0.0,0.0,0.0,1.0,0.0,255,0
0.0,2.0,-0.19602436548223356,1.0,0.0,1.0,0.0,0.0,0.0,256,1
-2.0,0.0,4.318781725888325,1.0,0.0,1.0,0.0,0.0,4.0,257,1
-2.0,0.0,4.763451776649746,1.0,0.0,0.0,0.0,1.0,0.0,258,1
-2.0,0.0,30.702286294416243,1.0,0.0,1.0,0.0,0.0,0.0,259,1
-1.0,1.0,0.28629441624365476,1.0,0.0,0.0,0.0,1.0,2.0,260,1
0.0,0.0,-0.03350253807106603,0.0,1.0,0.0,1.0,0.0,4.0,261,0
0.0,6.0,-0.2324510514865845,0.0,1.0,0.0,0.0,1.0,1.0,262,1
-2.0,2.0,1.1116751269035532,0.0,1.0,0.0,0.0,1.0,2.0,263,0
-2.0,0.0,-0.5055837563451777,0.0,1.0,0.0,0.0,1.0,0.0,264,0
0.0,0.0,-0.03350253807106603,1.0,0.0,0.0,1.0,0.0,4.0,265,0
-1.0,0.0,0.1340101522842639,0.0,1.0,0.0,0.0,1.0,0.0,266,0
0.0,5.0,-0.10266497461928939,0.0,1.0,0.0,0.0,1.0,3.0,267,0
0.0,1.0,-0.2687817258883249,0.0,1.0,0.0,0.0,1.0,0.0,268,1
-2.0,1.0,4.168401015228427,1.0,0.0,0.0,0.0,1.0,2.0,269,1
-2.0,0.0,7.756343147208121,1.0,0.0,0.0,0.0,1.0,0.0,270,1
-2.0,0.0,1.3827411167512689,0.0,1.0,0.0,0.0,1.0,4.0,271,0
0.0,0.0,-0.5055837563451777,0.0,1.0,0.0,0.0,1.0,0.0,272,1
-1.0,1.0,0.08832487309644665,1.0,0.0,0.0,0.0,1.0,0.0,273,1
-2.0,1.0,0.39898477157360396,0.0,1.0,1.0,0.0,0.0,0.0,274,0
0.0,0.0,-0.03350253807106603,1.0,0.0,0.0,1.0,0.0,4.0,275,1
-2.0,1.0,1.8687807106598981,1.0,0.0,0.0,0.0,1.0,2.0,276,1
0.0,0.0,-0.03350253807106603,1.0,0.0,0.0,0.0,1.0,0.0,277,0
-1.0,0.0,-0.5055837563451777,0.0,1.0,0.0,0.0,1.0,4.0,278,0
0.0,5.0,-0.2098984771573604,0.0,1.0,0.0,1.0,0.0,1.0,279,0
0.0,2.0,-0.09441624365482237,1.0,0.0,0.0,0.0,1.0,0.0,280,1
0.0,0.0,-0.03350253807106603,0.0,1.0,0.0,1.0,0.0,2.0,281,0
0.0,0.0,-0.02715532994923864,0.0,1.0,0.0,0.0,1.0,0.0,282,0
0.0,0.0,0.07309644670050756,0.0,1.0,0.0,0.0,1.0,3.0,283,0
0.0,0.0,-0.015228426395939085,0.0,1.0,0.0,0.0,1.0,0.0,284,1
-2.0,0.0,1.0781725888324871,0.0,1.0,0.0,0.0,1.0,4.0,285,0
0.0,0.0,0.022081218274111608,0.0,1.0,1.0,0.0,0.0,0.0,286,0
0.0,0.0,0.07309644670050756,0.0,1.0,0.0,0.0,1.0,0.0,287,1
0.0,0.0,-0.024621319796954335,0.0,1.0,0.0,0.0,1.0,0.0,288,0
-1.0,0.0,0.28629441624365476,0.0,1.0,0.0,0.0,1.0,0.0,289,1
0.0,0.0,-0.03350253807106603,1.0,0.0,0.0,1.0,0.0,0.0,290,1
-2.0,0.0,4.29746192893401,1.0,0.0,0.0,0.0,1.0,0.0,291,1
-2.0,1.0,2.268402030456852,1.0,0.0,1.0,0.0,0.0,0.0,292,1
-1.0,0.0,0.2786802030456852,0.0,1.0,1.0,0.0,0.0,0.0,293,0
0.0,0.0,0.03350253807106592,1.0,0.0,0.0,0.0,1.0,0.0,294,0
0.0,0.0,-0.024621319796954335,0.0,1.0,0.0,0.0,1.0,0.0,295,0
-2.0,0.0,1.1829928934010152,0.0,1.0,1.0,0.0,0.0,4.0,296,0
0.0,0.0,-0.06522639593908636,0.0,1.0,1.0,0.0,0.0,0.0,297,0
-2.0,3.0,1.8022842639593908,1.0,0.0,0.0,0.0,1.0,1.0,298,0
-2.0,0.0,1.3522842639593908,0.0,1.0,0.0,0.0,1.0,4.0,299,1
-2.0,1.0,7.033120812182741,1.0,0.0,1.0,0.0,0.0,2.0,300,1
0.0,0.0,-0.03350253807106603,1.0,0.0,0.0,1.0,0.0,4.0,301,1
0.0,2.0,-0.03350253807106603,0.0,1.0,0.0,1.0,0.0,4.0,302,1
0.0,0.0,-0.5055837563451777,0.0,1.0,0.0,0.0,1.0,0.0,303,0
-1.0,0.0,0.2467005076142131,1.0,0.0,0.0,1.0,0.0,4.0,304,1
0.0,0.0,-0.015228426395939085,0.0,1.0,0.0,0.0,1.0,4.0,305,0
-2.0,3.0,1.8022842639593908,0.0,1.0,0.0,0.0,1.0,1.0,306,1
-2.0,0.0,6.248728934010153,1.0,0.0,1.0,0.0,0.0,4.0,307,1
-2.0,1.0,2.8111675126903553,1.0,0.0,1.0,0.0,0.0,3.0,308,1
-1.0,1.0,0.22538071065989843,0.0,1.0,1.0,0.0,0.0,0.0,309,0
-2.0,0.0,2.962184771573604,1.0,0.0,1.0,0.0,0.0,0.0,310,1
-2.0,0.0,4.559896446700507,1.0,0.0,1.0,0.0,0.0,0.0,311,1
-2.0,4.0,2.6908629441624363,1.0,0.0,1.0,0.0,0.0,3.0,312,1
-1.0,2.0,0.02233502538071058,1.0,0.0,0.0,0.0,1.0,0.0,313,0
0.0,0.0,-0.024621319796954335,0.0,1.0,0.0,0.0,1.0,0.0,314,0
-1.0,2.0,0.02741116751269031,0.0,1.0,0.0,0.0,1.0,0.0,315,0
0.0,0.0,-0.02715532994923864,1.0,0.0,0.0,0.0,1.0,0.0,316,1
-1.0,1.0,0.28629441624365476,1.0,0.0,0.0,0.0,1.0,0.0,317,1
-1.0,0.0,0.3472081218274111,0.0,1.0,0.0,0.0,1.0,2.0,318,0
-2.0,2.0,2.84196345177665,1.0,0.0,0.0,0.0,1.0,0.0,319,1
-2.0,2.0,2.2253807106598984,1.0,0.0,1.0,0.0,0.0,0.0,320,1
0.0,0.0,-0.06395939086294421,0.0,1.0,0.0,0.0,1.0,0.0,321,0
0.0,0.0,-0.024621319796954335,0.0,1.0,0.0,0.0,1.0,0.0,322,0
-1.0,0.0,0.2467005076142131,1.0,0.0,0.0,1.0,0.0,0.0,323,1
-1.0,2.0,0.08324873096446692,1.0,0.0,0.0,0.0,1.0,0.0,324,1
0.0,10.0,-0.12044300876788193,0.0,1.0,0.0,0.0,1.0,4.0,325,0
-2.0,0.0,7.756343147208121,1.0,0.0,1.0,0.0,0.0,0.0,326,1
0.0,0.0,-0.1256345177664975,0.0,1.0,0.0,0.0,1.0,2.0,327,0
-1.0,0.0,0.28629441624365476,1.0,0.0,0.0,0.0,1.0,0.0,328,1
0.0,2.0,-0.08883248730964476,1.0,0.0,0.0,0.0,1.0,0.0,329,1
-2.0,1.0,1.260280203045685,1.0,0.0,1.0,0.0,0.0,3.0,330,1
0.0,2.0,-0.03350253807106603,1.0,0.0,0.0,1.0,0.0,4.0,331,1
-2.0,0.0,1.230456852791878,0.0,1.0,0.0,0.0,1.0,0.0,332,0
-2.0,1.0,4.168401015228427,0.0,1.0,0.0,0.0,1.0,0.0,333,0
0.0,2.0,-0.14010152284263963,0.0,1.0,0.0,0.0,1.0,3.0,334,0
-2.0,1.0,3.56497461928934,1.0,0.0,0.0,0.0,1.0,4.0,335,1
0.0,0.0,-0.024621319796954335,0.0,1.0,0.0,0.0,1.0,4.0,336,0
-2.0,1.0,1.5228426395939083,0.0,1.0,0.0,0.0,1.0,0.0,337,0
-2.0,0.0,7.687309644670051,1.0,0.0,1.0,0.0,0.0,0.0,338,1
0.0,0.0,-0.015228426395939085,0.0,1.0,0.0,0.0,1.0,0.0,339,1
-2.0,0.0,1.6568527918781724,0.0,1.0,0.0,0.0,1.0,0.0,340,0
-1.0,2.0,0.02233502538071058,0.0,1.0,0.0,0.0,1.0,1.0,341,1
-2.0,5.0,2.164467005076142,1.0,0.0,0.0,0.0,1.0,0.0,342,1
-1.0,0.0,0.28629441624365476,0.0,1.0,0.0,0.0,1.0,0.0,343,0
-1.0,0.0,0.28629441624365476,0.0,1.0,0.0,0.0,1.0,0.0,344,0
-1.0,0.0,0.28629441624365476,0.0,1.0,0.0,0.0,1.0,0.0,345,0
-1.0,0.0,0.28629441624365476,1.0,0.0,0.0,0.0,1.0,0.0,346,1
-1.0,0.0,0.28629441624365476,1.0,0.0,0.0,0.0,1.0,0.0,347,1
0.0,1.0,-0.015228426395939085,1.0,0.0,0.0,0.0,1.0,4.0,348,1
0.0,2.0,-0.18274111675126908,0.0,1.0,0.0,0.0,1.0,1.0,349,1
0.0,0.0,0.022081218274111608,0.0,1.0,0.0,0.0,1.0,0.0,350,0
0.0,0.0,0.05634517766497455,0.0,1.0,0.0,0.0,1.0,0.0,351,0
-2.0,0.0,1.6263959390862943,0.0,1.0,0.0,0.0,1.0,4.0,352,0
0.0,2.0,-0.3587979695431472,0.0,1.0,1.0,0.0,0.0,3.0,353,0
0.0,1.0,0.03654822335025378,0.0,1.0,0.0,0.0,1.0,0.0,354,0
0.0,0.0,-0.06548223350253814,0.0,1.0,1.0,0.0,0.0,4.0,355,0
0.0,0.0,0.07309644670050756,0.0,1.0,0.0,0.0,1.0,0.0,356,0
-2.0,1.0,1.1695431472081217,1.0,0.0,0.0,0.0,1.0,0.0,357,1
-1.0,0.0,0.28629441624365476,1.0,0.0,0.0,0.0,1.0,0.0,358,0
0.0,0.0,-0.02563248730964471,1.0,0.0,0.0,1.0,0.0,4.0,359,1
0.0,0.0,-0.02563248730964471,1.0,0.0,0.0,1.0,0.0,4.0,360,1
0.0,5.0,-0.22233502538071073,0.0,1.0,0.0,0.0,1.0,0.0,361,0
-1.0,1.0,0.33870456852791875,0.0,1.0,1.0,0.0,0.0,0.0,362,0
0.0,1.0,-0.06535431472081221,1.0,0.0,1.0,0.0,0.0,0.0,363,0
0.0,0.0,-0.07614213197969548,0.0,1.0,0.0,0.0,1.0,0.0,364,0
0.0,1.0,-0.03350253807106603,0.0,1.0,0.0,1.0,0.0,4.0,365,0
0.0,0.0,-0.06395939086294421,0.0,1.0,0.0,0.0,1.0,0.0,366,0
-2.0,1.0,1.7862944162436547,1.0,0.0,1.0,0.0,0.0,2.0,367,1
0.0,0.0,-0.06522639593908636,1.0,0.0,1.0,0.0,0.0,4.0,368,1
0.0,0.0,-0.03350253807106603,1.0,0.0,0.0,1.0,0.0,4.0,369,1
-2.0,0.0,3.7157360406091366,1.0,0.0,1.0,0.0,0.0,0.0,370,1
-2.0,1.0,1.1829959390862943,0.0,1.0,1.0,0.0,0.0,0.0,371,1
0.0,1.0,-0.30774213197969547,0.0,1.0,0.0,0.0,1.0,3.0,372,0
0.0,0.0,-0.015228426395939085,0.0,1.0,0.0,0.0,1.0,0.0,373,0
-2.0,0.0,7.756343147208121,0.0,1.0,1.0,0.0,0.0,0.0,374,0
0.0,4.0,-0.24883248730964472,1.0,0.0,0.0,0.0,1.0,1.0,375,0
-2.0,1.0,1.997080203045685,1.0,0.0,1.0,0.0,0.0,4.0,376,1
0.0,0.0,-0.06395939086294421,1.0,0.0,0.0,0.0,1.0,0.0,377,1
-2.0,2.0,3.7888324873096444,0.0,1.0,1.0,0.0,0.0,0.0,378,0
0.0,0.0,-0.2611675126903553,0.0,1.0,1.0,0.0,0.0,0.0,379,0
0.0,0.0,-0.031979695431472104,0.0,1.0,0.0,0.0,1.0,0.0,380,0
-2.0,0.0,13.353807106598984,1.0,0.0,1.0,0.0,0.0,0.0,381,1
0.0,2.0,-0.18595532994923863,1.0,0.0,1.0,0.0,0.0,1.0,382,1
0.0,0.0,-0.02284263959390868,0.0,1.0,0.0,0.0,1.0,0.0,383,0
-2.0,1.0,1.0781725888324871,1.0,0.0,0.0,0.0,1.0,0.0,384,1
0.0,0.0,-0.024621319796954335,0.0,1.0,0.0,0.0,1.0,4.0,385,0
-1.0,0.0,3.9715736040609135,0.0,1.0,0.0,0.0,1.0,3.0,386,0
0.0,7.0,-0.14847715736040615,0.0,1.0,0.0,0.0,1.0,1.0,387,0
-1.0,0.0,0.28629441624365476,1.0,0.0,0.0,0.0,1.0,0.0,388,1
0.0,0.0,-0.03476954314720818,0.0,1.0,0.0,1.0,0.0,4.0,389,0
-1.0,0.0,0.22538071065989843,1.0,0.0,1.0,0.0,0.0,3.0,390,1
-2.0,3.0,1.3218274111675126,0.0,1.0,0.0,0.0,1.0,0.0,391,1
0.0,0.0,-0.03071269035533,0.0,1.0,0.0,0.0,1.0,0.0,392,1
0.0,2.0,-0.3446700507614213,0.0,1.0,0.0,0.0,1.0,0.0,393,0
-2.0,1.0,2.9444162436548225,1.0,0.0,1.0,0.0,0.0,0.0,394,1
0.0,2.0,-0.16649746192893405,1.0,0.0,0.0,0.0,1.0,0.0,395,1
0.0,0.0,-0.03071269035533,0.0,1.0,0.0,0.0,1.0,0.0,396,0
0.0,0.0,-0.02715532994923864,1.0,0.0,0.0,0.0,1.0,0.0,397,0
-1.0,0.0,1.0781725888324871,0.0,1.0,0.0,0.0,1.0,0.0,398,0
-1.0,0.0,0.1340101522842639,0.0,1.0,0.0,0.0,1.0,0.0,399,0
-1.0,0.0,0.2649746192893401,1.0,0.0,0.0,0.0,1.0,0.0,400,1
0.0,0.0,-0.02284263959390868,0.0,1.0,0.0,0.0,1.0,0.0,401,1
0.0,0.0,-0.015228426395939085,0.0,1.0,0.0,0.0,1.0,0.0,402,0
0.0,1.0,-0.20634517766497468,1.0,0.0,0.0,0.0,1.0,0.0,403,0
0.0,1.0,-0.02284263959390868,0.0,1.0,0.0,0.0,1.0,0.0,404,0
0.0,0.0,0.022081218274111608,1.0,0.0,0.0,0.0,1.0,0.0,405,0
-1.0,1.0,0.1340101522842639,0.0,1.0,0.0,0.0,1.0,0.0,406,0
0.0,0.0,-0.03350253807106603,0.0,1.0,0.0,0.0,1.0,2.0,407,0
-1.0,2.0,-0.12487309644670054,0.0,1.0,0.0,0.0,1.0,1.0,408,1
0.0,0.0,-0.031979695431472104,0.0,1.0,0.0,0.0,1.0,0.0,409,0
0.0,4.0,-0.19532954314720818,1.0,0.0,0.0,0.0,1.0,4.0,410,0
0.0,0.0,-0.024621319796954335,0.0,1.0,0.0,0.0,1.0,4.0,411,0
0.0,0.0,-0.08781928934010157,0.0,1.0,0.0,1.0,0.0,4.0,412,0
-2.0,1.0,2.235532994923858,1.0,0.0,0.0,1.0,0.0,0.0,413,1
-1.0,0.0,-0.5055837563451777,0.0,1.0,0.0,0.0,1.0,4.0,414,0
0.0,0.0,-0.02284263959390868,0.0,1.0,0.0,0.0,1.0,0.0,415,1
0.0,0.0,-0.015228426395939085,1.0,0.0,0.0,0.0,1.0,4.0,416,0
-1.0,2.0,0.15431472081218273,1.0,0.0,0.0,0.0,1.0,0.0,417,1
-1.0,2.0,-0.24162436548223354,1.0,0.0,0.0,0.0,1.0,3.0,418,1
-1.0,0.0,0.28629441624365476,0.0,1.0,0.0,0.0,1.0,0.0,419,0
0.0,2.0,-0.015228426395939193,1.0,0.0,0.0,0.0,1.0,1.0,420,0
0.0,0.0,-0.024621319796954335,0.0,1.0,1.0,0.0,0.0,4.0,421,0
0.0,0.0,-0.03451979695431477,0.0,1.0,0.0,1.0,0.0,0.0,422,0
0.0,0.0,-0.025888324873096488,0.0,1.0,0.0,0.0,1.0,0.0,423,0
0.0,2.0,-0.21319796954314724,1.0,0.0,0.0,0.0,1.0,0.0,424,0
0.0,2.0,-0.09517766497461934,0.0,1.0,0.0,0.0,1.0,3.0,425,0
0.0,0.0,-0.06395939086294421,0.0,1.0,0.0,0.0,1.0,4.0,426,0
-1.0,1.0,0.28629441624365476,1.0,0.0,0.0,0.0,1.0,0.0,427,1
-1.0,0.0,1.0781725888324871,1.0,0.0,0.0,0.0,1.0,0.0,428,1
0.0,0.0,-0.03350253807106603,0.0,1.0,0.0,1.0,0.0,4.0,429,0
0.0,0.0,-0.015228426395939085,0.0,1.0,0.0,0.0,1.0,0.0,430,1
-2.0,0.0,1.1116751269035532,0.0,1.0,0.0,0.0,1.0,0.0,431,1
0.0,1.0,-0.015228426395939085,1.0,0.0,0.0,0.0,1.0,4.0,432,1
-1.0,1.0,0.28629441624365476,1.0,0.0,0.0,0.0,1.0,0.0,433,1
0.0,0.0,-0.07157360406091375,0.0,1.0,0.0,0.0,1.0,3.0,434,0
-2.0,1.0,1.196954314720812,0.0,1.0,0.0,0.0,1.0,2.0,435,0
-2.0,3.0,1.3218274111675126,1.0,0.0,0.0,0.0,1.0,3.0,436,1
0.0,4.0,-0.08680203045685284,1.0,0.0,0.0,0.0,1.0,0.0,437,0
-1.0,5.0,-0.3152284263959391,1.0,0.0,0.0,0.0,1.0,0.0,438,1
-2.0,5.0,2.164467005076142,0.0,1.0,0.0,0.0,1.0,2.0,439,0
-1.0,0.0,0.1340101522842639,0.0,1.0,0.0,0.0,1.0,0.0,440,0
-1.0,2.0,0.02741116751269031,1.0,0.0,0.0,0.0,1.0,0.0,441,1
0.0,0.0,0.07309644670050756,0.0,1.0,0.0,0.0,1.0,0.0,442,0
0.0,1.0,-0.2687817258883249,0.0,1.0,0.0,0.0,1.0,0.0,443,0
-1.0,0.0,0.28629441624365476,1.0,0.0,0.0,0.0,1.0,0.0,444,1
0.0,0.0,-0.011421319796954314,0.0,1.0,0.0,0.0,1.0,4.0,445,1
-2.0,2.0,1.1565137055837562,0.0,1.0,0.0,0.0,1.0,1.0,446,1
-1.0,1.0,0.08832487309644665,1.0,0.0,0.0,0.0,1.0,3.0,447,1
-2.0,0.0,1.1116751269035532,0.0,1.0,0.0,0.0,1.0,0.0,448,1
0.0,3.0,-0.212310152284264,1.0,0.0,1.0,0.0,0.0,1.0,449,1
-2.0,0.0,1.3522842639593908,0.0,1.0,0.0,0.0,1.0,2.0,450,1
-1.0,3.0,-0.08299492385786805,0.0,1.0,0.0,0.0,1.0,0.0,451,0
0.0,1.0,0.10253908629441617,0.0,1.0,0.0,0.0,1.0,4.0,452,0
-2.0,0.0,1.1847715736040607,0.0,1.0,1.0,0.0,0.0,0.0,453,0
-2.0,1.0,2.208249746192893,0.0,1.0,1.0,0.0,0.0,0.0,454,1
0.0,0.0,-0.015228426395939085,0.0,1.0,0.0,0.0,1.0,4.0,455,0
0.0,0.0,-0.024621319796954335,0.0,1.0,1.0,0.0,0.0,0.0,456,1
-2.0,0.0,1.1116751269035532,0.0,1.0,0.0,0.0,1.0,2.0,457,0
-2.0,1.0,1.073984771573604,1.0,0.0,0.0,0.0,1.0,4.0,458,1
-1.0,0.0,0.1340101522842639,1.0,0.0,0.0,0.0,1.0,2.0,459,1
0.0,0.0,-0.03350253807106603,0.0,1.0,0.0,1.0,0.0,4.0,460,0
-2.0,0.0,1.1116751269035532,0.0,1.0,0.0,0.0,1.0,0.0,461,1
0.0,0.0,-0.015228426395939085,0.0,1.0,0.0,0.0,1.0,0.0,462,0
-2.0,0.0,1.8395939086294415,0.0,1.0,0.0,0.0,1.0,0.0,463,0
-1.0,0.0,0.28629441624365476,0.0,1.0,0.0,0.0,1.0,0.0,464,0
0.0,0.0,-0.015228426395939085,0.0,1.0,0.0,0.0,1.0,4.0,465,0
0.0,0.0,-0.07614213197969548,0.0,1.0,0.0,0.0,1.0,0.0,466,0
-1.0,0.0,-0.5055837563451777,0.0,1.0,0.0,0.0,1.0,4.0,467,0
-2.0,0.0,1.1116751269035532,0.0,1.0,0.0,0.0,1.0,2.0,468,0
0.0,0.0,-0.03502538071065996,0.0,1.0,0.0,1.0,0.0,4.0,469,0
0.0,3.0,-0.212310152284264,1.0,0.0,1.0,0.0,0.0,1.0,470,1
0.0,0.0,-0.06395939086294421,0.0,1.0,0.0,0.0,1.0,4.0,471,0
0.0,0.0,0.022081218274111608,0.0,1.0,0.0,0.0,1.0,0.0,472,0
-1.0,3.0,-0.08299492385786805,1.0,0.0,0.0,0.0,1.0,0.0,473,1
-1.0,0.0,0.33451979695431466,1.0,0.0,1.0,0.0,0.0,0.0,474,1
0.0,0.0,0.09365482233502535,1.0,0.0,0.0,0.0,1.0,0.0,475,0
-2.0,0.0,2.6619289340101524,0.0,1.0,0.0,0.0,1.0,4.0,476,0
-1.0,1.0,0.1340101522842639,0.0,1.0,0.0,0.0,1.0,0.0,477,0
0.0,1.0,-0.2909908629441625,0.0,1.0,0.0,0.0,1.0,0.0,478,0
0.0,0.0,-0.04746395939086296,0.0,1.0,0.0,0.0,1.0,0.0,479,0
0.0,1.0,-0.13134517766497467,1.0,0.0,0.0,0.0,1.0,1.0,480,1
0.0,7.0,-0.14847715736040615,0.0,1.0,0.0,0.0,1.0,1.0,481,0
-1.0,0.0,-0.5055837563451777,0.0,1.0,0.0,0.0,1.0,4.0,482,0
0.0,0.0,-0.015228426395939085,0.0,1.0,0.0,0.0,1.0,2.0,483,0
0.0,0.0,0.07842639593908626,1.0,0.0,0.0,0.0,1.0,2.0,484,1
-2.0,1.0,2.268402030456852,0.0,1.0,1.0,0.0,0.0,0.0,485,1
0.0,4.0,-0.19532954314720818,1.0,0.0,0.0,0.0,1.0,4.0,486,0
-2.0,1.0,2.235532994923858,1.0,0.0,0.0,0.0,1.0,0.0,487,1
-2.0,0.0,1.3035532994923855,0.0,1.0,1.0,0.0,0.0,2.0,488,0
0.0,0.0,-0.015228426395939085,0.0,1.0,0.0,0.0,1.0,0.0,489,0
0.0,2.0,-0.18274111675126908,0.0,1.0,0.0,0.0,1.0,1.0,490,1
0.0,1.0,0.10253908629441617,0.0,1.0,0.0,0.0,1.0,4.0,491,0
0.0,0.0,-0.06395939086294421,0.0,1.0,0.0,0.0,1.0,0.0,492,0
-2.0,0.0,1.3522842639593908,0.0,1.0,0.0,0.0,1.0,2.0,493,0
-2.0,0.0,2.509900507614213,0.0,1.0,1.0,0.0,0.0,2.0,494,0
0.0,0.0,-0.015228426395939085,0.0,1.0,0.0,0.0,1.0,0.0,495,0
0.0,0.0,0.3751248730964466,0.0,1.0,1.0,0.0,0.0,4.0,496,0
-2.0,1.0,1.8781736040609136,1.0,0.0,1.0,0.0,0.0,2.0,497,1
0.0,0.0,0.41421319796954303,0.0,1.0,0.0,0.0,1.0,4.0,498,0
-2.0,3.0,1.8022842639593908,1.0,0.0,0.0,0.0,1.0,0.0,499,0
0.0,0.0,-0.03071269035533,0.0,1.0,0.0,0.0,1.0,0.0,500,0
0.0,0.0,0.022081218274111608,0.0,1.0,0.0,0.0,1.0,3.0,501,0
0.0,0.0,-0.03350253807106603,1.0,0.0,0.0,1.0,0.0,0.0,502,0
0.0,0.0,-0.0408609137055838,1.0,0.0,0.0,1.0,0.0,4.0,503,0
0.0,0.0,0.07842639593908626,1.0,0.0,0.0,0.0,1.0,0.0,504,0
-2.0,0.0,4.763451776649746,1.0,0.0,0.0,0.0,1.0,3.0,505,1
-2.0,1.0,2.8111675126903553,0.0,1.0,1.0,0.0,0.0,3.0,506,0
-1.0,2.0,0.02233502538071058,1.0,0.0,0.0,0.0,1.0,0.0,507,1
-2.0,0.0,1.1116751269035532,0.0,1.0,0.0,0.0,1.0,4.0,508,1
0.0,0.0,0.8664974619289338,0.0,1.0,0.0,0.0,1.0,0.0,509,0
0.0,0.0,2.935784771573604,0.0,1.0,0.0,0.0,1.0,0.0,510,1
0.0,0.0,-0.03350253807106603,0.0,1.0,0.0,1.0,0.0,0.0,511,1
0.0,0.0,-0.015228426395939085,0.0,1.0,0.0,0.0,1.0,4.0,512,0
-2.0,0.0,1.0956852791878173,0.0,1.0,0.0,0.0,1.0,0.0,513,1
-2.0,1.0,1.3035532994923855,1.0,0.0,1.0,0.0,0.0,2.0,514,1
0.0,0.0,-0.04898680203045689,0.0,1.0,0.0,0.0,1.0,0.0,515,0
-2.0,0.0,1.56674923857868,0.0,1.0,0.0,0.0,1.0,0.0,516,0
-1.0,0.0,0.1340101522842639,1.0,0.0,0.0,0.0,1.0,0.0,517,1
0.0,0.0,0.9654822335025379,0.0,1.0,0.0,1.0,0.0,4.0,518,0
-1.0,1.0,0.28629441624365476,1.0,0.0,0.0,0.0,1.0,0.0,519,1
0.0,0.0,-0.024621319796954335,0.0,1.0,0.0,0.0,1.0,0.0,520,0
-2.0,0.0,5.1898477157360405,1.0,0.0,0.0,0.0,1.0,0.0,521,1
0.0,0.0,-0.024621319796954335,0.0,1.0,0.0,0.0,1.0,0.0,522,0
0.0,0.0,-0.06548223350253814,0.0,1.0,1.0,0.0,0.0,4.0,523,0
-2.0,1.0,1.260280203045685,1.0,0.0,1.0,0.0,0.0,0.0,524,1
0.0,0.0,-0.06522639593908636,0.0,1.0,1.0,0.0,0.0,4.0,525,0
0.0,0.0,-0.03350253807106603,0.0,1.0,0.0,1.0,0.0,0.0,526,0
-1.0,0.0,0.1340101522842639,1.0,0.0,0.0,0.0,1.0,2.0,527,1
-2.0,0.0,13.003809137055836,0.0,1.0,0.0,0.0,1.0,4.0,528,0
0.0,0.0,-0.02284263959390868,0.0,1.0,0.0,0.0,1.0,0.0,529,0
-1.0,3.0,-0.3304568527918782,0.0,1.0,0.0,0.0,1.0,0.0,530,0
-1.0,2.0,0.02233502538071058,1.0,0.0,0.0,0.0,1.0,1.0,531,1
0.0,0.0,-0.06522639593908636,0.0,1.0,1.0,0.0,0.0,4.0,532,0
0.0,2.0,-0.3587979695431472,0.0,1.0,1.0,0.0,0.0,3.0,533,0
0.0,2.0,-0.05160812182741123,1.0,0.0,1.0,0.0,0.0,4.0,534,1
0.0,0.0,0.022081218274111608,1.0,0.0,0.0,0.0,1.0,0.0,535,0
-1.0,2.0,0.02741116751269031,1.0,0.0,0.0,0.0,1.0,1.0,536,1
-2.0,0.0,1.1116751269035532,0.0,1.0,0.0,0.0,1.0,0.0,537,0
-2.0,0.0,5.977157360406091,1.0,0.0,1.0,0.0,0.0,0.0,538,1
0.0,0.0,0.3776649746192893,0.0,1.0,0.0,0.0,1.0,4.0,539,0
-2.0,2.0,0.49949238578680194,1.0,0.0,1.0,0.0,0.0,0.0,540,1
-2.0,2.0,0.9360406091370558,1.0,0.0,0.0,0.0,1.0,0.0,541,1
0.0,6.0,-0.23343002175489488,1.0,0.0,0.0,0.0,1.0,1.0,542,0
0.0,6.0,-0.23343002175489488,1.0,0.0,0.0,0.0,1.0,1.0,543,0
-1.0,1.0,0.28629441624365476,0.0,1.0,0.0,0.0,1.0,0.0,544,1
-2.0,1.0,2.7357868020304563,0.0,1.0,1.0,0.0,0.0,2.0,545,0
-2.0,0.0,1.0781725888324871,0.0,1.0,0.0,0.0,1.0,2.0,546,0
-1.0,1.0,0.28629441624365476,1.0,0.0,0.0,0.0,1.0,0.0,547,1
-1.0,0.0,0.33883248730964466,0.0,1.0,1.0,0.0,0.0,4.0,548,1
0.0,2.0,-0.08883248730964476,0.0,1.0,0.0,0.0,1.0,0.0,549,0
-1.0,2.0,0.2406091370558375,0.0,1.0,0.0,0.0,1.0,1.0,550,1
-2.0,2.0,1.745853807106599,0.0,1.0,1.0,0.0,0.0,3.0,551,1
-1.0,0.0,1.0781725888324871,0.0,1.0,0.0,0.0,1.0,0.0,552,0
0.0,0.0,-0.02867817258883252,0.0,1.0,0.0,1.0,0.0,4.0,553,0
0.0,0.0,-0.06548223350253814,0.0,1.0,1.0,0.0,0.0,0.0,554,1
0.0,0.0,-0.031979695431472104,1.0,0.0,0.0,0.0,1.0,0.0,555,1
-2.0,0.0,1.1116751269035532,0.0,1.0,0.0,0.0,1.0,2.0,556,0
-2.0,1.0,0.700507614213198,1.0,0.0,1.0,0.0,0.0,0.0,557,1
-2.0,0.0,13.353807106598984,0.0,1.0,1.0,0.0,0.0,4.0,558,0
-2.0,2.0,1.1116751269035532,1.0,0.0,0.0,0.0,1.0,0.0,559,1
0.0,1.0,0.02436548223350245,1.0,0.0,0.0,0.0,1.0,0.0,560,1
0.0,0.0,-0.03350253807106603,0.0,1.0,0.0,1.0,0.0,4.0,561,0
0.0,0.0,-0.024621319796954335,0.0,1.0,0.0,0.0,1.0,0.0,562,0
-1.0,0.0,0.3167512690355329,0.0,1.0,0.0,0.0,1.0,0.0,563,0
0.0,0.0,-0.015228426395939085,0.0,1.0,0.0,0.0,1.0,4.0,564,0
0.0,0.0,-0.015228426395939085,1.0,0.0,0.0,0.0,1.0,4.0,565,0
0.0,2.0,-0.015228426395939193,0.0,1.0,0.0,0.0,1.0,0.0,566,0
0.0,0.0,-0.024621319796954335,0.0,1.0,0.0,0.0,1.0,0.0,567,0
0.0,4.0,-0.24883248730964472,1.0,0.0,0.0,0.0,1.0,0.0,568,0
0.0,0.0,-0.06522639593908636,0.0,1.0,1.0,0.0,0.0,4.0,569,0
0.0,0.0,-0.02715532994923864,0.0,1.0,0.0,0.0,1.0,0.0,570,1
-1.0,0.0,0.1340101522842639,0.0,1.0,0.0,0.0,1.0,2.0,571,1
-2.0,2.0,0.5396791878172587,1.0,0.0,0.0,0.0,1.0,2.0,572,1
-2.0,0.0,1.1017766497461927,0.0,1.0,0.0,0.0,1.0,0.0,573,1
0.0,0.0,-0.03350253807106603,1.0,0.0,0.0,1.0,0.0,4.0,574,1
0.0,0.0,-0.015228426395939085,0.0,1.0,0.0,0.0,1.0,3.0,575,0
0.0,0.0,0.3776649746192893,0.0,1.0,0.0,0.0,1.0,0.0,576,0
-1.0,0.0,0.28629441624365476,1.0,0.0,0.0,0.0,1.0,0.0,577,1
-2.0,1.0,1.196954314720812,1.0,0.0,0.0,0.0,1.0,0.0,578,1
0.0,1.0,-0.06522944162436553,1.0,0.0,1.0,0.0,0.0,4.0,579,0
0.0,0.0,-0.02284263959390868,0.0,1.0,0.0,0.0,1.0,0.0,580,1
-1.0,2.0,0.10355329949238573,1.0,0.0,0.0,0.0,1.0,0.0,581,1
-2.0,2.0,1.745853807106599,1.0,0.0,1.0,0.0,0.0,0.0,582,1
-1.0,0.0,1.0781725888324871,0.0,1.0,0.0,0.0,1.0,2.0,583,0
-2.0,0.0,1.9385786802030456,0.0,1.0,1.0,0.0,0.0,0.0,584,0
0.0,0.0,0.025126903553299468,0.0,1.0,1.0,0.0,0.0,4.0,585,0
-2.0,2.0,1.1116751269035532,1.0,0.0,0.0,0.0,1.0,3.0,586,1
-1.0,0.0,0.4081218274111674,0.0,1.0,0.0,0.0,1.0,0.0,587,0
-2.0,2.0,1.1025380710659898,0.0,1.0,1.0,0.0,0.0,2.0,588,1
0.0,0.0,-0.015228426395939085,0.0,1.0,0.0,0.0,1.0,0.0,589,0
0.0,0.0,-0.015228426395939085,0.0,1.0,0.0,0.0,1.0,4.0,590,0
0.0,0.0,-0.07157360406091375,0.0,1.0,0.0,0.0,1.0,0.0,591,0
-2.0,1.0,1.8781736040609136,1.0,0.0,1.0,0.0,0.0,2.0,592,1
0.0,0.0,-0.06395939086294421,0.0,1.0,0.0,0.0,1.0,0.0,593,0
0.0,2.0,-0.3482233502538071,1.0,0.0,0.0,1.0,0.0,4.0,594,0
-1.0,1.0,0.28629441624365476,0.0,1.0,0.0,0.0,1.0,0.0,595,0
0.0,2.0,-0.015228426395939193,0.0,1.0,0.0,0.0,1.0,0.0,596,0
-1.0,0.0,1.5045685279187815,1.0,0.0,0.0,0.0,1.0,4.0,597,1
0.0,0.0,-0.5055837563451777,0.0,1.0,0.0,0.0,1.0,0.0,598,0
0.0,0.0,-0.06548223350253814,0.0,1.0,1.0,0.0,0.0,4.0,599,0
-2.0,1.0,1.228300507614213,0.0,1.0,1.0,0.0,0.0,0.0,600,1
-1.0,3.0,-0.09441624365482237,1.0,0.0,0.0,0.0,1.0,0.0,601,1
0.0,0.0,-0.024621319796954335,0.0,1.0,0.0,0.0,1.0,4.0,602,0
-2.0,0.0,2.077157360406091,0.0,1.0,0.0,0.0,1.0,4.0,603,0
0.0,0.0,-0.015228426395939085,0.0,1.0,0.0,0.0,1.0,0.0,604,0
-2.0,0.0,1.1116751269035532,0.0,1.0,1.0,0.0,0.0,0.0,605,1
0.0,1.0,-0.031979695431472104,0.0,1.0,0.0,0.0,1.0,0.0,606,0
0.0,0.0,-0.024621319796954335,0.0,1.0,0.0,0.0,1.0,0.0,607,0
-2.0,0.0,1.3522842639593908,0.0,1.0,0.0,0.0,1.0,0.0,608,1
-1.0,3.0,0.12760203045685276,1.0,0.0,1.0,0.0,0.0,0.0,609,1
-2.0,0.0,8.84238578680203,1.0,0.0,0.0,0.0,1.0,0.0,610,1
0.0,6.0,-0.23343002175489488,1.0,0.0,0.0,0.0,1.0,0.0,611,0
0.0,0.0,-0.07614213197969548,0.0,1.0,0.0,0.0,1.0,4.0,612,0
0.0,1.0,-0.03350253807106603,1.0,0.0,0.0,1.0,0.0,4.0,613,1
0.0,0.0,-0.03350253807106603,0.0,1.0,0.0,1.0,0.0,4.0,614,0
0.0,0.0,-0.015228426395939085,0.0,1.0,0.0,0.0,1.0,0.0,615,0
-1.0,3.0,0.48426395939086286,1.0,0.0,0.0,0.0,1.0,0.0,616,1
0.0,2.0,-0.21319796954314724,0.0,1.0,0.0,0.0,1.0,0.0,617,0
0.0,1.0,-0.015228426395939085,1.0,0.0,0.0,0.0,1.0,0.0,618,0
-1.0,3.0,0.08832487309644665,1.0,0.0,0.0,0.0,1.0,1.0,619,1
-1.0,0.0,0.1340101522842639,0.0,1.0,0.0,0.0,1.0,0.0,620,0
0.0,1.0,-0.06535431472081221,0.0,1.0,1.0,0.0,0.0,0.0,621,0
-2.0,1.0,1.095051776649746,0.0,1.0,0.0,0.0,1.0,0.0,622,1
0.0,2.0,-0.18595532994923863,0.0,1.0,1.0,0.0,0.0,0.0,623,1
0.0,0.0,-0.02715532994923864,0.0,1.0,0.0,0.0,1.0,0.0,624,0
0.0,0.0,0.4751269035532995,0.0,1.0,0.0,0.0,1.0,0.0,625,0
-2.0,0.0,1.463195939086294,0.0,1.0,0.0,0.0,1.0,2.0,626,0
-1.0,0.0,0.2467005076142131,0.0,1.0,0.0,1.0,0.0,2.0,627,0
-2.0,0.0,4.2431451776649745,1.0,0.0,0.0,0.0,1.0,0.0,628,1
0.0,0.0,-0.024621319796954335,0.0,1.0,0.0,0.0,1.0,0.0,629,0
0.0,0.0,-0.03451979695431477,0.0,1.0,0.0,1.0,0.0,4.0,630,0
-2.0,0.0,1.3218274111675126,0.0,1.0,0.0,0.0,1.0,2.0,631,1
0.0,0.0,-0.0758862944162437,0.0,1.0,0.0,0.0,1.0,2.0,632,0
-2.0,0.0,1.3522842639593908,0.0,1.0,1.0,0.0,0.0,0.0,633,1
-2.0,0.0,-0.5055837563451777,0.0,1.0,0.0,0.0,1.0,4.0,634,0
0.0,5.0,-0.22233502538071073,1.0,0.0,0.0,0.0,1.0,1.0,635,0
-1.0,0.0,0.28629441624365476,1.0,0.0,0.0,0.0,1.0,0.0,636,1
0.0,0.0,-0.02284263959390868,0.0,1.0,0.0,0.0,1.0,0.0,637,0
-1.0,2.0,0.02741116751269031,0.0,1.0,0.0,0.0,1.0,0.0,638,0
0.0,5.0,-0.10266497461928939,1.0,0.0,0.0,0.0,1.0,0.0,639,0
0.0,1.0,-0.015228426395939085,0.0,1.0,0.0,0.0,1.0,4.0,640,0
0.0,0.0,-0.02715532994923864,0.0,1.0,0.0,0.0,1.0,0.0,641,0
-2.0,0.0,3.7157360406091366,1.0,0.0,1.0,0.0,0.0,0.0,642,1
0.0,5.0,-0.22233502538071073,1.0,0.0,0.0,0.0,1.0,1.0,643,0
0.0,0.0,2.935784771573604,0.0,1.0,0.0,0.0,1.0,4.0,644,1
0.0,3.0,-0.212310152284264,1.0,0.0,1.0,0.0,0.0,1.0,645,1
-2.0,1.0,1.831346192893401,0.0,1.0,1.0,0.0,0.0,0.0,646,1
0.0,0.0,-0.024621319796954335,0.0,1.0,0.0,0.0,1.0,0.0,647,0
-2.0,0.0,1.6568527918781724,0.0,1.0,1.0,0.0,0.0,2.0,648,1
0.0,0.0,-0.04568527918781731,0.0,1.0,0.0,0.0,1.0,4.0,649,0
0.0,0.0,-0.04568527918781731,1.0,0.0,0.0,0.0,1.0,0.0,650,1
0.0,0.0,-0.024621319796954335,0.0,1.0,0.0,0.0,1.0,4.0,651,0
-1.0,1.0,0.19492385786802024,1.0,0.0,0.0,0.0,1.0,3.0,652,1
0.0,0.0,0.008119796954314624,0.0,1.0,0.0,0.0,1.0,0.0,653,0
0.0,0.0,-0.02867817258883252,1.0,0.0,0.0,1.0,0.0,4.0,654,1
0.0,0.0,-0.09441624365482237,1.0,0.0,0.0,1.0,0.0,3.0,655,0
-1.0,2.0,0.9868020304568527,0.0,1.0,0.0,0.0,1.0,0.0,656,0
0.0,0.0,-0.024621319796954335,0.0,1.0,0.0,0.0,1.0,4.0,657,0
0.0,2.0,-0.19086294416243657,1.0,0.0,0.0,1.0,0.0,0.0,658,0
-1.0,0.0,0.28629441624365476,0.0,1.0,0.0,0.0,1.0,0.0,659,0
-2.0,2.0,1.794416243654822,0.0,1.0,1.0,0.0,0.0,2.0,660,0
-2.0,2.0,2.2081218274111674,0.0,1.0,0.0,0.0,1.0,2.0,661,1
0.0,0.0,-0.06548223350253814,0.0,1.0,1.0,0.0,0.0,0.0,662,0
-2.0,0.0,1.0530456852791876,0.0,1.0,0.0,0.0,1.0,0.0,663,0
0.0,0.0,-0.04898680203045689,0.0,1.0,0.0,0.0,1.0,0.0,664,0
0.0,1.0,-0.2642131979695431,0.0,1.0,0.0,0.0,1.0,0.0,665,1
-1.0,2.0,0.9868020304568527,0.0,1.0,0.0,0.0,1.0,0.0,666,0
-1.0,0.0,0.28629441624365476,0.0,1.0,0.0,0.0,1.0,0.0,667,0
0.0,0.0,-0.031979695431472104,0.0,1.0,0.0,0.0,1.0,4.0,668,0
0.0,0.0,-0.015228426395939085,0.0,1.0,0.0,0.0,1.0,0.0,669,0
-2.0,1.0,1.0781725888324871,1.0,0.0,0.0,0.0,1.0,4.0,670,1
-1.0,2.0,0.28629441624365476,1.0,0.0,0.0,0.0,1.0,0.0,671,1
-2.0,1.0,1.0781725888324871,0.0,1.0,0.0,0.0,1.0,0.0,672,0
-1.0,0.0,0.1340101522842639,0.0,1.0,0.0,0.0,1.0,2.0,673,0
-1.0,0.0,0.28629441624365476,0.0,1.0,0.0,0.0,1.0,0.0,674,1
-1.0,0.0,-0.5055837563451777,0.0,1.0,0.0,0.0,1.0,4.0,675,0
0.0,0.0,-0.031979695431472104,0.0,1.0,0.0,0.0,1.0,3.0,676,0
0.0,0.0,-0.015228426395939085,0.0,1.0,0.0,0.0,1.0,0.0,677,0
0.0,0.0,0.09391065989847708,1.0,0.0,0.0,0.0,1.0,3.0,678,1
0.0,7.0,-0.14847715736040615,1.0,0.0,0.0,0.0,1.0,0.0,679,0
-2.0,1.0,15.09835126903553,0.0,1.0,1.0,0.0,0.0,0.0,680,1
0.0,0.0,-0.009898477157360492,1.0,0.0,0.0,1.0,0.0,4.0,681,0
-2.0,0.0,4.16827614213198,0.0,1.0,1.0,0.0,0.0,0.0,682,1
0.0,0.0,0.05634517766497455,0.0,1.0,0.0,0.0,1.0,0.0,683,0
0.0,7.0,-0.14847715736040615,0.0,1.0,0.0,0.0,1.0,3.0,684,0
-1.0,2.0,0.28629441624365476,0.0,1.0,0.0,0.0,1.0,2.0,685,0
-1.0,3.0,0.12760203045685276,0.0,1.0,1.0,0.0,0.0,0.0,686,0
0.0,5.0,-0.10266497461928939,0.0,1.0,0.0,0.0,1.0,3.0,687,0
0.0,0.0,0.11395736040609131,0.0,1.0,0.0,0.0,1.0,0.0,688,0
0.0,0.0,-0.03071269035533,0.0,1.0,0.0,0.0,1.0,3.0,689,0
-2.0,1.0,5.931091370558375,1.0,0.0,0.0,0.0,1.0,3.0,690,1
-2.0,1.0,1.230456852791878,0.0,1.0,0.0,0.0,1.0,0.0,691,1
0.0,1.0,-0.0969532994923858,1.0,0.0,1.0,0.0,0.0,1.0,692,1
0.0,0.0,2.935784771573604,0.0,1.0,0.0,0.0,1.0,4.0,693,1
0.0,0.0,-0.06548223350253814,0.0,1.0,1.0,0.0,0.0,0.0,694,0
-2.0,0.0,1.1116751269035532,0.0,1.0,0.0,0.0,1.0,2.0,695,0
-1.0,0.0,0.3167512690355329,0.0,1.0,0.0,0.0,1.0,2.0,696,0
0.0,0.0,-0.015228426395939085,0.0,1.0,0.0,0.0,1.0,0.0,697,0
0.0,0.0,-0.03451979695431477,1.0,0.0,0.0,1.0,0.0,4.0,698,1
-2.0,2.0,1.745853807106599,0.0,1.0,1.0,0.0,0.0,0.0,699,0
0.0,0.0,-0.03959390862944164,0.0,1.0,0.0,0.0,1.0,0.0,700,0
-2.0,1.0,6.424111675126904,1.0,0.0,1.0,0.0,0.0,3.0,701,1
-2.0,0.0,1.0956852791878173,0.0,1.0,0.0,0.0,1.0,0.0,702,1
0.0,1.0,-0.06535431472081221,1.0,0.0,1.0,0.0,0.0,3.0,703,0
0.0,0.0,-0.03400812182741122,0.0,1.0,0.0,1.0,0.0,0.0,704,0
0.0,1.0,-0.2663695431472082,0.0,1.0,0.0,0.0,1.0,0.0,705,0
-1.0,0.0,1.0781725888324871,0.0,1.0,0.0,0.0,1.0,0.0,706,0
-1.0,0.0,0.3167512690355329,1.0,0.0,0.0,0.0,1.0,0.0,707,1
-2.0,0.0,1.0956852791878173,0.0,1.0,0.0,0.0,1.0,0.0,708,1
-2.0,0.0,8.725888324873095,1.0,0.0,0.0,0.0,1.0,0.0,709,1
0.0,2.0,-0.19602436548223356,0.0,1.0,1.0,0.0,0.0,4.0,710,1
-2.0,0.0,2.509900507614213,1.0,0.0,1.0,0.0,0.0,0.0,711,1
-2.0,0.0,1.1116751269035532,0.0,1.0,0.0,0.0,1.0,4.0,712,0
-2.0,1.0,1.0781725888324871,0.0,1.0,0.0,0.0,1.0,0.0,713,1
0.0,0.0,0.07207918781725882,0.0,1.0,0.0,0.0,1.0,0.0,714,0
-1.0,0.0,0.28629441624365476,0.0,1.0,0.0,0.0,1.0,2.0,715,0
0.0,0.0,-0.03959390862944164,0.0,1.0,0.0,0.0,1.0,0.0,716,0
-2.0,0.0,13.353807106598984,1.0,0.0,1.0,0.0,0.0,0.0,717,1
-1.0,0.0,0.1340101522842639,1.0,0.0,0.0,0.0,1.0,0.0,718,1
0.0,0.0,0.43857868020304563,0.0,1.0,0.0,1.0,0.0,4.0,719,0
0.0,0.0,-0.031979695431472104,0.0,1.0,0.0,0.0,1.0,0.0,720,0
-1.0,1.0,0.49949238578680194,1.0,0.0,0.0,0.0,1.0,1.0,721,1
0.0,1.0,-0.29073502538071067,0.0,1.0,0.0,0.0,1.0,3.0,722,0
-1.0,0.0,0.28629441624365476,0.0,1.0,0.0,0.0,1.0,0.0,723,0
-1.0,0.0,0.28629441624365476,0.0,1.0,0.0,0.0,1.0,2.0,724,0
-2.0,1.0,1.1116751269035532,0.0,1.0,0.0,0.0,1.0,0.0,725,1
0.0,0.0,0.022081218274111608,0.0,1.0,0.0,0.0,1.0,0.0,726,0
-1.0,3.0,-0.1857868020304569,1.0,0.0,0.0,0.0,1.0,0.0,727,1
0.0,0.0,-0.034263959390863,1.0,0.0,0.0,1.0,0.0,4.0,728,1
-1.0,1.0,0.28629441624365476,0.0,1.0,0.0,0.0,1.0,0.0,729,0
0.0,1.0,-0.2642131979695431,1.0,0.0,0.0,0.0,1.0,0.0,730,0
-2.0,0.0,12.367766497461927,1.0,0.0,0.0,0.0,1.0,0.0,731,1
0.0,0.0,0.6388324873096447,0.0,1.0,1.0,0.0,0.0,1.0,732,0
-1.0,0.0,-0.5055837563451777,0.0,1.0,0.0,0.0,1.0,4.0,733,0
-1.0,0.0,0.28629441624365476,0.0,1.0,0.0,0.0,1.0,0.0,734,0
-1.0,0.0,0.28629441624365476,0.0,1.0,0.0,0.0,1.0,0.0,735,0
0.0,0.0,0.4751269035532995,0.0,1.0,0.0,0.0,1.0,0.0,736,0
0.0,4.0,-0.08680203045685284,1.0,0.0,0.0,0.0,1.0,0.0,737,0
-2.0,0.0,30.702286294416243,0.0,1.0,1.0,0.0,0.0,0.0,738,1
0.0,0.0,-0.024621319796954335,0.0,1.0,0.0,0.0,1.0,4.0,739,0
0.0,0.0,-0.024621319796954335,0.0,1.0,0.0,0.0,1.0,4.0,740,0
-2.0,0.0,1.3218274111675126,0.0,1.0,0.0,0.0,1.0,4.0,741,1
-2.0,1.0,1.8959390862944159,0.0,1.0,0.0,0.0,1.0,0.0,742,0
-2.0,4.0,2.6908629441624363,1.0,0.0,1.0,0.0,0.0,0.0,743,1
0.0,1.0,-0.015228426395939085,0.0,1.0,0.0,0.0,1.0,0.0,744,0
0.0,0.0,-0.02284263959390868,0.0,1.0,0.0,0.0,1.0,0.0,745,1
-2.0,2.0,0.9360406091370558,0.0,1.0,0.0,0.0,1.0,2.0,746,0
0.0,2.0,-0.09441624365482237,0.0,1.0,0.0,0.0,1.0,3.0,747,0
-1.0,0.0,0.28629441624365476,1.0,0.0,0.0,0.0,1.0,0.0,748,1
-2.0,1.0,1.1116751269035532,0.0,1.0,0.0,0.0,1.0,0.0,749,0
0.0,0.0,-0.03350253807106603,0.0,1.0,0.0,1.0,0.0,0.0,750,0
-1.0,2.0,-0.03857868020304571,1.0,0.0,0.0,0.0,1.0,1.0,751,1
0.0,1.0,-0.1256345177664975,0.0,1.0,0.0,0.0,1.0,1.0,752,1
0.0,0.0,0.07309644670050756,0.0,1.0,0.0,0.0,1.0,0.0,753,0
0.0,0.0,-0.024621319796954335,0.0,1.0,0.0,0.0,1.0,0.0,754,0
-1.0,3.0,0.48426395939086286,1.0,0.0,0.0,0.0,1.0,0.0,755,1
-1.0,2.0,-0.21116751269035539,0.0,1.0,0.0,0.0,1.0,1.0,756,1
0.0,0.0,-0.03071269035533,0.0,1.0,0.0,0.0,1.0,0.0,757,0
-1.0,0.0,0.19492385786802024,0.0,1.0,0.0,0.0,1.0,3.0,758,0
0.0,0.0,-0.015228426395939085,0.0,1.0,0.0,0.0,1.0,0.0,759,0
-2.0,0.0,4.763451776649746,1.0,0.0,0.0,0.0,1.0,0.0,760,1
0.0,0.0,0.3776649746192893,0.0,1.0,0.0,0.0,1.0,4.0,761,0
0.0,0.0,-0.07157360406091375,0.0,1.0,0.0,0.0,1.0,0.0,762,0
0.0,0.0,-0.06522639593908636,0.0,1.0,1.0,0.0,0.0,0.0,763,1
-2.0,3.0,1.3218274111675126,1.0,0.0,0.0,0.0,1.0,0.0,764,1
0.0,0.0,-0.031979695431472104,0.0,1.0,0.0,0.0,1.0,3.0,765,0
-2.0,1.0,1.8687807106598981,1.0,0.0,0.0,0.0,1.0,2.0,766,1
-2.0,0.0,1.9065989847715734,0.0,1.0,1.0,0.0,0.0,4.0,767,0
0.0,0.0,-0.03350253807106603,1.0,0.0,0.0,1.0,0.0,0.0,768,0
0.0,1.0,0.2299492385786801,0.0,1.0,0.0,1.0,0.0,4.0,769,0
0.0,0.0,0.0038071065989847713,0.0,1.0,0.0,0.0,1.0,0.0,770,0
0.0,0.0,0.07309644670050756,0.0,1.0,0.0,0.0,1.0,0.0,771,0
0.0,0.0,-0.02715532994923864,0.0,1.0,0.0,0.0,1.0,0.0,772,0
-1.0,0.0,0.1340101522842639,1.0,0.0,0.0,0.0,1.0,2.0,773,0
0.0,0.0,-0.06548223350253814,0.0,1.0,1.0,0.0,0.0,4.0,774,0
-1.0,4.0,-0.22538071065989854,1.0,0.0,0.0,0.0,1.0,2.0,775,1
0.0,0.0,-0.03350253807106603,0.0,1.0,0.0,0.0,1.0,3.0,776,0
0.0,0.0,-0.03350253807106603,0.0,1.0,0.0,1.0,0.0,4.0,777,0
0.0,0.0,0.25431472081218265,1.0,0.0,0.0,0.0,1.0,1.0,778,1
0.0,0.0,-0.034263959390863,0.0,1.0,0.0,1.0,0.0,4.0,779,0
-2.0,1.0,5.931091370558375,1.0,0.0,0.0,0.0,1.0,0.0,780,1
0.0,0.0,-0.06522639593908636,1.0,0.0,1.0,0.0,0.0,3.0,781,1
-2.0,1.0,1.230456852791878,1.0,0.0,0.0,0.0,1.0,3.0,782,1
-2.0,0.0,1.3218274111675126,0.0,1.0,0.0,0.0,1.0,0.0,783,0
0.0,3.0,-0.14847715736040615,0.0,1.0,0.0,0.0,1.0,4.0,784,0
0.0,0.0,-0.07614213197969548,0.0,1.0,0.0,0.0,1.0,0.0,785,0
0.0,0.0,-0.06395939086294421,0.0,1.0,0.0,0.0,1.0,0.0,786,0
0.0,0.0,-0.04898680203045689,1.0,0.0,0.0,0.0,1.0,3.0,787,1
0.0,5.0,-0.2098984771573604,0.0,1.0,0.0,1.0,0.0,1.0,788,0
0.0,3.0,-0.192258883248731,0.0,1.0,0.0,0.0,1.0,1.0,789,1
-2.0,0.0,4.318781725888325,0.0,1.0,1.0,0.0,0.0,0.0,790,0
0.0,0.0,-0.03350253807106603,0.0,1.0,0.0,1.0,0.0,4.0,791,0
-1.0,0.0,1.0781725888324871,0.0,1.0,0.0,0.0,1.0,3.0,792,0
0.0,10.0,-0.12044300876788193,1.0,0.0,0.0,0.0,1.0,4.0,793,0
-2.0,0.0,1.3642111675126902,0.0,1.0,1.0,0.0,0.0,4.0,794,0
0.0,0.0,-0.024621319796954335,0.0,1.0,0.0,0.0,1.0,0.0,795,0
-1.0,0.0,0.28629441624365476,0.0,1.0,0.0,0.0,1.0,0.0,796,0
-2.0,0.0,1.0738598984771572,1.0,0.0,0.0,0.0,1.0,0.0,797,1
0.0,0.0,0.02334822335025371,1.0,0.0,0.0,0.0,1.0,0.0,798,1
0.0,0.0,-0.06522639593908636,0.0,1.0,1.0,0.0,0.0,0.0,799,0
0.0,2.0,-0.015228426395939193,1.0,0.0,0.0,0.0,1.0,0.0,800,0
-1.0,0.0,0.28629441624365476,0.0,1.0,0.0,0.0,1.0,0.0,801,0
-1.0,2.0,0.02741116751269031,1.0,0.0,0.0,0.0,1.0,0.0,802,1
-2.0,3.0,1.3218274111675126,0.0,1.0,0.0,0.0,1.0,1.0,803,1
0.0,1.0,-0.24619187817258886,0.0,1.0,1.0,0.0,0.0,1.0,804,1
0.0,0.0,-0.08071065989847721,0.0,1.0,0.0,0.0,1.0,0.0,805,1
0.0,0.0,-0.031979695431472104,0.0,1.0,0.0,0.0,1.0,0.0,806,0
-2.0,0.0,-0.5055837563451777,0.0,1.0,0.0,0.0,1.0,0.0,807,0
0.0,0.0,-0.031979695431472104,1.0,0.0,0.0,0.0,1.0,3.0,808,0
-1.0,0.0,0.28629441624365476,0.0,1.0,0.0,0.0,1.0,0.0,809,0
-2.0,1.0,1.1116751269035532,1.0,0.0,0.0,0.0,1.0,0.0,810,1
0.0,0.0,-0.025126903553299523,0.0,1.0,0.0,0.0,1.0,0.0,811,0
0.0,0.0,0.9654822335025379,0.0,1.0,0.0,0.0,1.0,0.0,812,0
-1.0,0.0,0.1340101522842639,0.0,1.0,0.0,0.0,1.0,0.0,813,0
0.0,6.0,-0.23343002175489488,1.0,0.0,0.0,0.0,1.0,1.0,814,0
0.0,0.0,-0.015228426395939085,0.0,1.0,0.0,0.0,1.0,0.0,815,0
-2.0,0.0,-0.5055837563451777,0.0,1.0,0.0,0.0,1.0,4.0,816,0
0.0,0.0,-0.02284263959390868,1.0,0.0,0.0,0.0,1.0,0.0,817,0
-1.0,2.0,0.2457705583756344,0.0,1.0,1.0,0.0,0.0,0.0,818,0
0.0,0.0,-0.11269035532994927,0.0,1.0,0.0,0.0,1.0,0.0,819,0
0.0,5.0,-0.22233502538071073,0.0,1.0,0.0,0.0,1.0,1.0,820,0
-2.0,2.0,1.3928934010152283,1.0,0.0,0.0,0.0,1.0,2.0,821,1
0.0,0.0,0.022081218274111608,0.0,1.0,0.0,0.0,1.0,0.0,822,1
-2.0,0.0,-0.5055837563451777,0.0,1.0,0.0,0.0,1.0,0.0,823,0
0.0,1.0,-0.1256345177664975,1.0,0.0,0.0,0.0,1.0,0.0,824,1
0.0,5.0,-0.10266497461928939,0.0,1.0,0.0,0.0,1.0,1.0,825,0
0.0,0.0,-0.08223350253807109,0.0,1.0,0.0,1.0,0.0,4.0,826,0
0.0,0.0,2.935784771573604,0.0,1.0,0.0,0.0,1.0,4.0,827,0
-1.0,2.0,0.2457705583756344,0.0,1.0,1.0,0.0,0.0,1.0,828,1
0.0,0.0,-0.03350253807106603,0.0,1.0,0.0,1.0,0.0,4.0,829,1
-2.0,0.0,4.36751269035533,1.0,0.0,0.0,0.0,1.0,2.0,830,1
0.0,1.0,-0.06535431472081221,1.0,0.0,1.0,0.0,0.0,3.0,831,1
-1.0,2.0,-0.12487309644670054,0.0,1.0,0.0,0.0,1.0,1.0,832,1
0.0,0.0,-0.06522639593908636,0.0,1.0,1.0,0.0,0.0,4.0,833,0
0.0,0.0,-0.02715532994923864,0.0,1.0,0.0,0.0,1.0,0.0,834,0
0.0,0.0,0.0,0.0,1.0,0.0,0.0,1.0,3.0,835,0
-2.0,2.0,1.1829096446700504,1.0,0.0,1.0,0.0,0.0,0.0,836,1
0.0,0.0,0.022081218274111608,0.0,1.0,0.0,0.0,1.0,0.0,837,0
0.0,0.0,-0.015228426395939085,0.0,1.0,0.0,0.0,1.0,4.0,838,0
0.0,0.0,2.935784771573604,0.0,1.0,0.0,0.0,1.0,0.0,839,1
-2.0,0.0,1.3035532994923855,0.0,1.0,1.0,0.0,0.0,4.0,840,1
0.0,0.0,-0.02284263959390868,0.0,1.0,0.0,0.0,1.0,0.0,841,0
-1.0,0.0,0.1340101522842639,0.0,1.0,0.0,0.0,1.0,3.0,842,0
-2.0,0.0,1.3827411167512689,1.0,0.0,1.0,0.0,0.0,0.0,843,1
0.0,0.0,-0.11345177664974623,0.0,1.0,1.0,0.0,0.0,0.0,844,0
0.0,0.0,0.022081218274111608,0.0,1.0,0.0,0.0,1.0,3.0,845,0
0.0,0.0,-0.04568527918781731,0.0,1.0,0.0,0.0,1.0,0.0,846,0
0.0,10.0,-0.12044300876788193,0.0,1.0,0.0,0.0,1.0,4.0,847,0
0.0,0.0,-0.024621319796954335,0.0,1.0,1.0,0.0,0.0,0.0,848,0
-1.0,1.0,0.49949238578680194,0.0,1.0,0.0,0.0,1.0,0.0,849,0
-2.0,1.0,2.208249746192893,1.0,0.0,1.0,0.0,0.0,4.0,850,1
0.0,6.0,-0.23343002175489488,0.0,1.0,0.0,0.0,1.0,1.0,851,0
0.0,0.0,-0.031979695431472104,0.0,1.0,0.0,0.0,1.0,2.0,852,0
0.0,2.0,-0.19602436548223356,1.0,0.0,1.0,0.0,0.0,1.0,853,0
-2.0,1.0,0.6944162436548222,1.0,0.0,0.0,0.0,1.0,3.0,854,1
-1.0,1.0,0.28629441624365476,1.0,0.0,0.0,0.0,1.0,0.0,855,0
0.0,1.0,-0.2208121827411168,1.0,0.0,0.0,0.0,1.0,3.0,856,1
-2.0,2.0,2.84196345177665,1.0,0.0,0.0,0.0,1.0,0.0,857,1
-2.0,0.0,1.1116751269035532,0.0,1.0,0.0,0.0,1.0,2.0,858,1
0.0,3.0,-0.212310152284264,1.0,0.0,1.0,0.0,0.0,0.0,859,1
0.0,0.0,-0.06522639593908636,0.0,1.0,1.0,0.0,0.0,4.0,860,0
0.0,2.0,-0.21912081218274115,0.0,1.0,0.0,0.0,1.0,0.0,861,0
-1.0,1.0,-0.1553299492385787,0.0,1.0,0.0,0.0,1.0,0.0,862,0
-2.0,0.0,1.0738598984771572,1.0,0.0,0.0,0.0,1.0,0.0,863,1
0.0,10.0,-0.12044300876788193,1.0,0.0,0.0,0.0,1.0,4.0,864,0
-1.0,0.0,0.28629441624365476,0.0,1.0,0.0,0.0,1.0,0.0,865,0
-1.0,0.0,0.28629441624365476,1.0,0.0,0.0,0.0,1.0,0.0,866,1
-1.0,1.0,-0.08350355329949243,1.0,0.0,1.0,0.0,0.0,0.0,867,1
-2.0,0.0,2.5703025380710662,0.0,1.0,0.0,0.0,1.0,0.0,868,0
0.0,0.0,0.07309644670050756,0.0,1.0,0.0,0.0,1.0,4.0,869,0
0.0,2.0,-0.2795269035532995,0.0,1.0,0.0,0.0,1.0,1.0,870,1
0.0,0.0,-0.024621319796954335,0.0,1.0,0.0,0.0,1.0,0.0,871,0
-2.0,2.0,0.5615065989847714,1.0,0.0,0.0,0.0,1.0,0.0,872,1
-2.0,0.0,-0.20101522842639596,0.0,1.0,0.0,0.0,1.0,0.0,873,0
0.0,0.0,0.0426395939086294,0.0,1.0,0.0,0.0,1.0,0.0,874,0
-1.0,1.0,0.22538071065989843,1.0,0.0,1.0,0.0,0.0,0.0,875,1
0.0,0.0,-0.06548223350253814,1.0,0.0,1.0,0.0,0.0,3.0,876,1
0.0,0.0,0.09416040609137054,0.0,1.0,0.0,0.0,1.0,0.0,877,0
0.0,0.0,-0.024621319796954335,0.0,1.0,0.0,0.0,1.0,0.0,878,0
0.0,0.0,-0.024621319796954335,0.0,1.0,0.0,0.0,1.0,4.0,879,0
-2.0,1.0,2.027156345177665,1.0,0.0,1.0,0.0,0.0,2.0,880,1
-1.0,1.0,0.28629441624365476,1.0,0.0,0.0,0.0,1.0,0.0,881,1
0.0,0.0,-0.024621319796954335,0.0,1.0,0.0,0.0,1.0,0.0,882,0
0.0,0.0,0.13502741116751266,1.0,0.0,0.0,0.0,1.0,0.0,883,0
-1.0,0.0,0.1340101522842639,0.0,1.0,0.0,0.0,1.0,0.0,884,0
0.0,0.0,-0.07614213197969548,0.0,1.0,0.0,0.0,1.0,0.0,885,0
0.0,5.0,-0.2098984771573604,1.0,0.0,0.0,1.0,0.0,0.0,886,0
-1.0,0.0,0.28629441624365476,0.0,1.0,0.0,0.0,1.0,0.0,887,0
-2.0,0.0,1.3218274111675126,1.0,0.0,0.0,0.0,1.0,0.0,888,1
0.0,3.0,-0.14847715736040615,1.0,0.0,0.0,0.0,1.0,4.0,889,0
-2.0,0.0,1.3218274111675126,0.0,1.0,1.0,0.0,0.0,0.0,890,1
0.0,0.0,-0.03350253807106603,0.0,1.0,0.0,1.0,0.0,0.0,891,0
